date,channel,sku,units,orders_with_sku
2026-01-01,counter,breakfast_wrap,14,10
2026-01-01,counter,chicken_tenders,51,40
2026-01-01,counter,fries,34,26
2026-01-01,counter,hash_brown,19,17
2026-01-01,delivery,breakfast_wrap,17,13
2026-01-01,delivery,chicken_tenders,33,28
2026-01-01,delivery,fries,29,23
2026-01-01,delivery,hash_brown,14,12
2026-01-01,drive_thru,breakfast_wrap,28,22
2026-01-01,drive_thru,chicken_tenders,31,23
2026-01-01,drive_thru,fries,35,26
2026-01-01,drive_thru,hash_brown,17,16
2026-01-02,counter,breakfast_wrap,35,25
2026-01-02,counter,chicken_tenders,42,33
2026-01-02,counter,fries,47,39
2026-01-02,counter,hash_brown,30,22
2026-01-02,delivery,breakfast_wrap,16,11
2026-01-02,delivery,chicken_tenders,28,21
2026-01-02,delivery,fries,20,17
2026-01-02,delivery,hash_brown,11,10
2026-01-02,drive_thru,breakfast_wrap,9,8
2026-01-02,drive_thru,chicken_tenders,42,33
2026-01-02,drive_thru,fries,39,29
2026-01-02,drive_thru,hash_brown,30,21
2026-01-03,counter,breakfast_wrap,24,20
2026-01-03,counter,chicken_tenders,71,54
2026-01-03,counter,fries,48,34
2026-01-03,counter,hash_brown,24,19
2026-01-03,delivery,breakfast_wrap,11,9
2026-01-03,delivery,chicken_tenders,33,25
2026-01-03,delivery,fries,20,15
2026-01-03,delivery,hash_brown,16,10
2026-01-03,drive_thru,breakfast_wrap,25,17
2026-01-03,drive_thru,chicken_tenders,53,43
2026-01-03,drive_thru,fries,56,46
2026-01-03,drive_thru,hash_brown,22,17
2026-01-04,counter,breakfast_wrap,32,24
2026-01-04,counter,chicken_tenders,68,50
2026-01-04,counter,fries,52,39
2026-01-04,counter,hash_brown,34,29
2026-01-04,delivery,breakfast_wrap,10,9
2026-01-04,delivery,chicken_tenders,28,22
2026-01-04,delivery,fries,23,19
2026-01-04,delivery,hash_brown,14,13
2026-01-04,drive_thru,breakfast_wrap,13,13
2026-01-04,drive_thru,chicken_tenders,69,50
2026-01-04,drive_thru,fries,61,50
2026-01-04,drive_thru,hash_brown,29,18
2026-01-05,counter,breakfast_wrap,21,18
2026-01-05,counter,chicken_tenders,44,32
2026-01-05,counter,fries,48,32
2026-01-05,counter,hash_brown,30,23
2026-01-05,delivery,breakfast_wrap,5,4
2026-01-05,delivery,chicken_tenders,19,15
2026-01-05,delivery,fries,23,20
2026-01-05,delivery,hash_brown,10,8
2026-01-05,drive_thru,breakfast_wrap,18,13
2026-01-05,drive_thru,chicken_tenders,42,29
2026-01-05,drive_thru,fries,35,29
2026-01-05,drive_thru,hash_brown,26,19
2026-01-06,counter,breakfast_wrap,24,20
2026-01-06,counter,chicken_tenders,60,46
2026-01-06,counter,fries,35,29
2026-01-06,counter,hash_brown,35,24
2026-01-06,delivery,breakfast_wrap,9,9
2026-01-06,delivery,chicken_tenders,22,20
2026-01-06,delivery,fries,28,19
2026-01-06,delivery,hash_brown,16,12
2026-01-06,drive_thru,breakfast_wrap,22,18
2026-01-06,drive_thru,chicken_tenders,24,17
2026-01-06,drive_thru,fries,44,34
2026-01-06,drive_thru,hash_brown,8,8
2026-01-07,counter,breakfast_wrap,17,14
2026-01-07,counter,chicken_tenders,66,50
2026-01-07,counter,fries,48,40
2026-01-07,counter,hash_brown,20,15
2026-01-07,delivery,breakfast_wrap,16,12
2026-01-07,delivery,chicken_tenders,30,24
2026-01-07,delivery,fries,20,12
2026-01-07,delivery,hash_brown,12,10
2026-01-07,drive_thru,breakfast_wrap,11,10
2026-01-07,drive_thru,chicken_tenders,47,36
2026-01-07,drive_thru,fries,50,38
2026-01-07,drive_thru,hash_brown,13,11
2026-01-08,counter,breakfast_wrap,22,17
2026-01-08,counter,chicken_tenders,37,26
2026-01-08,counter,fries,33,25
2026-01-08,counter,hash_brown,26,20
2026-01-08,delivery,breakfast_wrap,14,12
2026-01-08,delivery,chicken_tenders,45,31
2026-01-08,delivery,fries,31,25
2026-01-08,delivery,hash_brown,11,10
2026-01-08,drive_thru,breakfast_wrap,16,14
2026-01-08,drive_thru,chicken_tenders,48,33
2026-01-08,drive_thru,fries,41,32
2026-01-08,drive_thru,hash_brown,16,13
2026-01-09,counter,breakfast_wrap,21,15
2026-01-09,counter,chicken_tenders,34,28
2026-01-09,counter,fries,43,33
2026-01-09,counter,hash_brown,19,18
2026-01-09,delivery,breakfast_wrap,10,8
2026-01-09,delivery,chicken_tenders,18,12
2026-01-09,delivery,fries,22,19
2026-01-09,delivery,hash_brown,10,10
2026-01-09,drive_thru,breakfast_wrap,11,8
2026-01-09,drive_thru,chicken_tenders,43,34
2026-01-09,drive_thru,fries,46,35
2026-01-09,drive_thru,hash_brown,11,7
2026-01-10,counter,breakfast_wrap,36,30
2026-01-10,counter,chicken_tenders,51,36
2026-01-10,counter,fries,53,41
2026-01-10,counter,hash_brown,29,22
2026-01-10,delivery,breakfast_wrap,20,16
2026-01-10,delivery,chicken_tenders,31,23
2026-01-10,delivery,fries,21,17
2026-01-10,delivery,hash_brown,14,12
2026-01-10,drive_thru,breakfast_wrap,24,17
2026-01-10,drive_thru,chicken_tenders,49,39
2026-01-10,drive_thru,fries,48,37
2026-01-10,drive_thru,hash_brown,23,18
2026-01-11,counter,breakfast_wrap,39,29
2026-01-11,counter,chicken_tenders,54,45
2026-01-11,counter,fries,64,50
2026-01-11,counter,hash_brown,21,18
2026-01-11,delivery,breakfast_wrap,28,19
2026-01-11,delivery,chicken_tenders,25,20
2026-01-11,delivery,fries,20,17
2026-01-11,delivery,hash_brown,22,16
2026-01-11,drive_thru,breakfast_wrap,28,17
2026-01-11,drive_thru,chicken_tenders,49,33
2026-01-11,drive_thru,fries,46,33
2026-01-11,drive_thru,hash_brown,26,20
2026-01-12,counter,breakfast_wrap,18,13
2026-01-12,counter,chicken_tenders,40,37
2026-01-12,counter,fries,67,49
2026-01-12,counter,hash_brown,20,12
2026-01-12,delivery,breakfast_wrap,11,7
2026-01-12,delivery,chicken_tenders,40,30
2026-01-12,delivery,fries,24,18
2026-01-12,delivery,hash_brown,6,4
2026-01-12,drive_thru,breakfast_wrap,24,20
2026-01-12,drive_thru,chicken_tenders,35,29
2026-01-12,drive_thru,fries,41,33
2026-01-12,drive_thru,hash_brown,16,11
2026-01-13,counter,breakfast_wrap,26,21
2026-01-13,counter,chicken_tenders,40,32
2026-01-13,counter,fries,42,35
2026-01-13,counter,hash_brown,27,21
2026-01-13,delivery,breakfast_wrap,10,5
2026-01-13,delivery,chicken_tenders,34,23
2026-01-13,delivery,fries,35,25
2026-01-13,delivery,hash_brown,20,14
2026-01-13,drive_thru,breakfast_wrap,24,18
2026-01-13,drive_thru,chicken_tenders,37,31
2026-01-13,drive_thru,fries,28,21
2026-01-13,drive_thru,hash_brown,10,7
2026-01-14,counter,breakfast_wrap,21,18
2026-01-14,counter,chicken_tenders,51,37
2026-01-14,counter,fries,35,29
2026-01-14,counter,hash_brown,45,30
2026-01-14,delivery,breakfast_wrap,6,4
2026-01-14,delivery,chicken_tenders,27,20
2026-01-14,delivery,fries,28,20
2026-01-14,delivery,hash_brown,12,8
2026-01-14,drive_thru,breakfast_wrap,14,13
2026-01-14,drive_thru,chicken_tenders,59,45
2026-01-14,drive_thru,fries,39,33
2026-01-14,drive_thru,hash_brown,26,21
2026-01-15,counter,breakfast_wrap,23,18
2026-01-15,counter,chicken_tenders,46,30
2026-01-15,counter,fries,59,42
2026-01-15,counter,hash_brown,16,15
2026-01-15,delivery,breakfast_wrap,12,11
2026-01-15,delivery,chicken_tenders,38,28
2026-01-15,delivery,fries,33,22
2026-01-15,delivery,hash_brown,11,9
2026-01-15,drive_thru,breakfast_wrap,24,23
2026-01-15,drive_thru,chicken_tenders,32,26
2026-01-15,drive_thru,fries,47,35
2026-01-15,drive_thru,hash_brown,18,15
2026-01-16,counter,breakfast_wrap,32,28
2026-01-16,counter,chicken_tenders,54,40
2026-01-16,counter,fries,42,31
2026-01-16,counter,hash_brown,36,26
2026-01-16,delivery,breakfast_wrap,10,7
2026-01-16,delivery,chicken_tenders,22,18
2026-01-16,delivery,fries,19,15
2026-01-16,delivery,hash_brown,21,15
2026-01-16,drive_thru,breakfast_wrap,28,21
2026-01-16,drive_thru,chicken_tenders,36,28
2026-01-16,drive_thru,fries,49,36
2026-01-16,drive_thru,hash_brown,16,13
2026-01-17,counter,breakfast_wrap,34,26
2026-01-17,counter,chicken_tenders,53,41
2026-01-17,counter,fries,44,36
2026-01-17,counter,hash_brown,37,28
2026-01-17,delivery,breakfast_wrap,10,9
2026-01-17,delivery,chicken_tenders,20,18
2026-01-17,delivery,fries,26,20
2026-01-17,delivery,hash_brown,25,16
2026-01-17,drive_thru,breakfast_wrap,30,24
2026-01-17,drive_thru,chicken_tenders,44,30
2026-01-17,drive_thru,fries,35,26
2026-01-17,drive_thru,hash_brown,19,16
2026-01-18,counter,breakfast_wrap,27,20
2026-01-18,counter,chicken_tenders,59,42
2026-01-18,counter,fries,53,39
2026-01-18,counter,hash_brown,21,18
2026-01-18,delivery,breakfast_wrap,15,10
2026-01-18,delivery,chicken_tenders,32,24
2026-01-18,delivery,fries,31,23
2026-01-18,delivery,hash_brown,16,14
2026-01-18,drive_thru,breakfast_wrap,18,16
2026-01-18,drive_thru,chicken_tenders,49,41
2026-01-18,drive_thru,fries,54,36
2026-01-18,drive_thru,hash_brown,29,24
2026-01-19,counter,breakfast_wrap,23,19
2026-01-19,counter,chicken_tenders,57,47
2026-01-19,counter,fries,45,34
2026-01-19,counter,hash_brown,26,21
2026-01-19,delivery,breakfast_wrap,12,9
2026-01-19,delivery,chicken_tenders,33,26
2026-01-19,delivery,fries,35,25
2026-01-19,delivery,hash_brown,13,9
2026-01-19,drive_thru,breakfast_wrap,14,13
2026-01-19,drive_thru,chicken_tenders,41,28
2026-01-19,drive_thru,fries,36,28
2026-01-19,drive_thru,hash_brown,15,14
2026-01-20,counter,breakfast_wrap,27,19
2026-01-20,counter,chicken_tenders,34,29
2026-01-20,counter,fries,53,38
2026-01-20,counter,hash_brown,28,24
2026-01-20,delivery,breakfast_wrap,8,8
2026-01-20,delivery,chicken_tenders,34,23
2026-01-20,delivery,fries,28,23
2026-01-20,delivery,hash_brown,6,6
2026-01-20,drive_thru,breakfast_wrap,17,14
2026-01-20,drive_thru,chicken_tenders,36,30
2026-01-20,drive_thru,fries,35,28
2026-01-20,drive_thru,hash_brown,29,20
2026-01-21,counter,breakfast_wrap,22,18
2026-01-21,counter,chicken_tenders,45,35
2026-01-21,counter,fries,37,31
2026-01-21,counter,hash_brown,21,17
2026-01-21,delivery,breakfast_wrap,10,6
2026-01-21,delivery,chicken_tenders,24,18
2026-01-21,delivery,fries,30,20
2026-01-21,delivery,hash_brown,6,6
2026-01-21,drive_thru,breakfast_wrap,15,13
2026-01-21,drive_thru,chicken_tenders,51,39
2026-01-21,drive_thru,fries,35,31
2026-01-21,drive_thru,hash_brown,23,17
2026-01-22,counter,breakfast_wrap,26,20
2026-01-22,counter,chicken_tenders,40,33
2026-01-22,counter,fries,42,31
2026-01-22,counter,hash_brown,30,26
2026-01-22,delivery,breakfast_wrap,14,12
2026-01-22,delivery,chicken_tenders,25,16
2026-01-22,delivery,fries,26,19
2026-01-22,delivery,hash_brown,15,13
2026-01-22,drive_thru,breakfast_wrap,33,26
2026-01-22,drive_thru,chicken_tenders,37,29
2026-01-22,drive_thru,fries,31,25
2026-01-22,drive_thru,hash_brown,15,14
2026-01-23,counter,breakfast_wrap,24,16
2026-01-23,counter,chicken_tenders,49,39
2026-01-23,counter,fries,49,37
2026-01-23,counter,hash_brown,18,17
2026-01-23,delivery,breakfast_wrap,10,10
2026-01-23,delivery,chicken_tenders,16,13
2026-01-23,delivery,fries,28,21
2026-01-23,delivery,hash_brown,9,9
2026-01-23,drive_thru,breakfast_wrap,22,15
2026-01-23,drive_thru,chicken_tenders,45,35
2026-01-23,drive_thru,fries,47,34
2026-01-23,drive_thru,hash_brown,18,15
2026-01-24,counter,breakfast_wrap,31,22
2026-01-24,counter,chicken_tenders,40,33
2026-01-24,counter,fries,60,44
2026-01-24,counter,hash_brown,38,28
2026-01-24,delivery,breakfast_wrap,19,14
2026-01-24,delivery,chicken_tenders,28,27
2026-01-24,delivery,fries,21,17
2026-01-24,delivery,hash_brown,12,9
2026-01-24,drive_thru,breakfast_wrap,25,18
2026-01-24,drive_thru,chicken_tenders,44,34
2026-01-24,drive_thru,fries,44,30
2026-01-24,drive_thru,hash_brown,27,22
2026-01-25,counter,breakfast_wrap,20,15
2026-01-25,counter,chicken_tenders,37,31
2026-01-25,counter,fries,51,39
2026-01-25,counter,hash_brown,26,19
2026-01-25,delivery,breakfast_wrap,10,8
2026-01-25,delivery,chicken_tenders,34,29
2026-01-25,delivery,fries,36,26
2026-01-25,delivery,hash_brown,17,12
2026-01-25,drive_thru,breakfast_wrap,19,17
2026-01-25,drive_thru,chicken_tenders,55,39
2026-01-25,drive_thru,fries,43,37
2026-01-25,drive_thru,hash_brown,33,24
2026-01-26,counter,breakfast_wrap,14,13
2026-01-26,counter,chicken_tenders,50,41
2026-01-26,counter,fries,48,37
2026-01-26,counter,hash_brown,21,17
2026-01-26,delivery,breakfast_wrap,5,4
2026-01-26,delivery,chicken_tenders,37,27
2026-01-26,delivery,fries,33,25
2026-01-26,delivery,hash_brown,10,9
2026-01-26,drive_thru,breakfast_wrap,15,13
2026-01-26,drive_thru,chicken_tenders,27,25
2026-01-26,drive_thru,fries,35,26
2026-01-26,drive_thru,hash_brown,16,12
2026-01-27,counter,breakfast_wrap,30,22
2026-01-27,counter,chicken_tenders,46,39
2026-01-27,counter,fries,51,38
2026-01-27,counter,hash_brown,29,20
2026-01-27,delivery,breakfast_wrap,17,11
2026-01-27,delivery,chicken_tenders,23,18
2026-01-27,delivery,fries,26,21
2026-01-27,delivery,hash_brown,5,5
2026-01-27,drive_thru,breakfast_wrap,25,17
2026-01-27,drive_thru,chicken_tenders,47,34
2026-01-27,drive_thru,fries,42,30
2026-01-27,drive_thru,hash_brown,19,16
2026-01-28,counter,breakfast_wrap,25,20
2026-01-28,counter,chicken_tenders,66,45
2026-01-28,counter,fries,53,41
2026-01-28,counter,hash_brown,11,9
2026-01-28,delivery,breakfast_wrap,19,15
2026-01-28,delivery,chicken_tenders,24,17
2026-01-28,delivery,fries,33,25
2026-01-28,delivery,hash_brown,19,14
2026-01-28,drive_thru,breakfast_wrap,14,13
2026-01-28,drive_thru,chicken_tenders,31,24
2026-01-28,drive_thru,fries,39,31
2026-01-28,drive_thru,hash_brown,19,14
2026-01-29,counter,breakfast_wrap,14,14
2026-01-29,counter,chicken_tenders,61,46
2026-01-29,counter,fries,37,31
2026-01-29,counter,hash_brown,21,18
2026-01-29,delivery,breakfast_wrap,16,12
2026-01-29,delivery,chicken_tenders,29,23
2026-01-29,delivery,fries,28,20
2026-01-29,delivery,hash_brown,24,16
2026-01-29,drive_thru,breakfast_wrap,37,28
2026-01-29,drive_thru,chicken_tenders,41,28
2026-01-29,drive_thru,fries,33,27
2026-01-29,drive_thru,hash_brown,23,21
2026-01-30,counter,breakfast_wrap,19,16
2026-01-30,counter,chicken_tenders,42,31
2026-01-30,counter,fries,47,33
2026-01-30,counter,hash_brown,25,19
2026-01-30,delivery,breakfast_wrap,10,9
2026-01-30,delivery,chicken_tenders,23,15
2026-01-30,delivery,fries,30,22
2026-01-30,delivery,hash_brown,10,9
2026-01-30,drive_thru,breakfast_wrap,21,17
2026-01-30,drive_thru,chicken_tenders,32,26
2026-01-30,drive_thru,fries,42,33
2026-01-30,drive_thru,hash_brown,19,15
2026-01-31,counter,breakfast_wrap,24,21
2026-01-31,counter,chicken_tenders,71,56
2026-01-31,counter,fries,47,37
2026-01-31,counter,hash_brown,20,17
2026-01-31,delivery,breakfast_wrap,18,16
2026-01-31,delivery,chicken_tenders,31,24
2026-01-31,delivery,fries,24,21
2026-01-31,delivery,hash_brown,24,17
2026-01-31,drive_thru,breakfast_wrap,19,16
2026-01-31,drive_thru,chicken_tenders,51,39
2026-01-31,drive_thru,fries,43,38
2026-01-31,drive_thru,hash_brown,29,20
2026-02-01,counter,breakfast_wrap,24,20
2026-02-01,counter,chicken_tenders,50,42
2026-02-01,counter,fries,69,56
2026-02-01,counter,hash_brown,35,24
2026-02-01,delivery,breakfast_wrap,16,11
2026-02-01,delivery,chicken_tenders,34,22
2026-02-01,delivery,fries,30,20
2026-02-01,delivery,hash_brown,14,11
2026-02-01,drive_thru,breakfast_wrap,23,20
2026-02-01,drive_thru,chicken_tenders,35,27
2026-02-01,drive_thru,fries,39,26
2026-02-01,drive_thru,hash_brown,16,14
2026-02-02,counter,breakfast_wrap,29,22
2026-02-02,counter,chicken_tenders,43,35
2026-02-02,counter,fries,46,35
2026-02-02,counter,hash_brown,12,10
2026-02-02,delivery,breakfast_wrap,15,11
2026-02-02,delivery,chicken_tenders,18,15
2026-02-02,delivery,fries,38,29
2026-02-02,delivery,hash_brown,20,14
2026-02-02,drive_thru,breakfast_wrap,18,14
2026-02-02,drive_thru,chicken_tenders,42,34
2026-02-02,drive_thru,fries,37,28
2026-02-02,drive_thru,hash_brown,15,14
2026-02-03,counter,breakfast_wrap,29,24
2026-02-03,counter,chicken_tenders,44,31
2026-02-03,counter,fries,35,30
2026-02-03,counter,hash_brown,34,25
2026-02-03,delivery,breakfast_wrap,12,9
2026-02-03,delivery,chicken_tenders,26,19
2026-02-03,delivery,fries,23,17
2026-02-03,delivery,hash_brown,10,10
2026-02-03,drive_thru,breakfast_wrap,20,16
2026-02-03,drive_thru,chicken_tenders,40,30
2026-02-03,drive_thru,fries,41,32
2026-02-03,drive_thru,hash_brown,24,18
2026-02-04,counter,breakfast_wrap,17,11
2026-02-04,counter,chicken_tenders,37,29
2026-02-04,counter,fries,51,37
2026-02-04,counter,hash_brown,14,12
2026-02-04,delivery,breakfast_wrap,12,11
2026-02-04,delivery,chicken_tenders,28,21
2026-02-04,delivery,fries,29,21
2026-02-04,delivery,hash_brown,10,8
2026-02-04,drive_thru,breakfast_wrap,16,15
2026-02-04,drive_thru,chicken_tenders,43,33
2026-02-04,drive_thru,fries,44,38
2026-02-04,drive_thru,hash_brown,15,13
2026-02-05,counter,breakfast_wrap,17,16
2026-02-05,counter,chicken_tenders,40,33
2026-02-05,counter,fries,53,37
2026-02-05,counter,hash_brown,31,27
2026-02-05,delivery,breakfast_wrap,17,11
2026-02-05,delivery,chicken_tenders,22,17
2026-02-05,delivery,fries,31,21
2026-02-05,delivery,hash_brown,19,12
2026-02-05,drive_thru,breakfast_wrap,22,17
2026-02-05,drive_thru,chicken_tenders,37,31
2026-02-05,drive_thru,fries,47,36
2026-02-05,drive_thru,hash_brown,17,13
2026-02-06,counter,breakfast_wrap,19,16
2026-02-06,counter,chicken_tenders,46,38
2026-02-06,counter,fries,46,35
2026-02-06,counter,hash_brown,21,17
2026-02-06,delivery,breakfast_wrap,15,12
2026-02-06,delivery,chicken_tenders,19,17
2026-02-06,delivery,fries,35,29
2026-02-06,delivery,hash_brown,7,6
2026-02-06,drive_thru,breakfast_wrap,19,15
2026-02-06,drive_thru,chicken_tenders,44,31
2026-02-06,drive_thru,fries,37,28
2026-02-06,drive_thru,hash_brown,17,14
2026-02-07,counter,breakfast_wrap,28,22
2026-02-07,counter,chicken_tenders,61,49
2026-02-07,counter,fries,62,44
2026-02-07,counter,hash_brown,41,32
2026-02-07,delivery,breakfast_wrap,8,7
2026-02-07,delivery,chicken_tenders,33,27
2026-02-07,delivery,fries,29,23
2026-02-07,delivery,hash_brown,13,11
2026-02-07,drive_thru,breakfast_wrap,33,25
2026-02-07,drive_thru,chicken_tenders,56,43
2026-02-07,drive_thru,fries,31,26
2026-02-07,drive_thru,hash_brown,30,21
2026-02-08,counter,breakfast_wrap,19,16
2026-02-08,counter,chicken_tenders,63,51
2026-02-08,counter,fries,56,41
2026-02-08,counter,hash_brown,28,23
2026-02-08,delivery,breakfast_wrap,14,10
2026-02-08,delivery,chicken_tenders,37,28
2026-02-08,delivery,fries,42,27
2026-02-08,delivery,hash_brown,15,14
2026-02-08,drive_thru,breakfast_wrap,23,19
2026-02-08,drive_thru,chicken_tenders,31,25
2026-02-08,drive_thru,fries,37,32
2026-02-08,drive_thru,hash_brown,17,13
2026-02-09,counter,breakfast_wrap,17,14
2026-02-09,counter,chicken_tenders,35,27
2026-02-09,counter,fries,53,39
2026-02-09,counter,hash_brown,28,20
2026-02-09,delivery,breakfast_wrap,11,8
2026-02-09,delivery,chicken_tenders,33,24
2026-02-09,delivery,fries,20,15
2026-02-09,delivery,hash_brown,4,4
2026-02-09,drive_thru,breakfast_wrap,19,15
2026-02-09,drive_thru,chicken_tenders,38,30
2026-02-09,drive_thru,fries,42,34
2026-02-09,drive_thru,hash_brown,26,20
2026-02-10,counter,breakfast_wrap,8,7
2026-02-10,counter,chicken_tenders,44,31
2026-02-10,counter,fries,42,33
2026-02-10,counter,hash_brown,18,14
2026-02-10,delivery,breakfast_wrap,7,6
2026-02-10,delivery,chicken_tenders,20,17
2026-02-10,delivery,fries,30,24
2026-02-10,delivery,hash_brown,17,14
2026-02-10,drive_thru,breakfast_wrap,17,14
2026-02-10,drive_thru,chicken_tenders,35,27
2026-02-10,drive_thru,fries,33,27
2026-02-10,drive_thru,hash_brown,17,13
2026-02-11,counter,breakfast_wrap,28,22
2026-02-11,counter,chicken_tenders,45,35
2026-02-11,counter,fries,51,40
2026-02-11,counter,hash_brown,18,15
2026-02-11,delivery,breakfast_wrap,15,12
2026-02-11,delivery,chicken_tenders,35,28
2026-02-11,delivery,fries,21,15
2026-02-11,delivery,hash_brown,12,9
2026-02-11,drive_thru,breakfast_wrap,24,18
2026-02-11,drive_thru,chicken_tenders,37,28
2026-02-11,drive_thru,fries,42,32
2026-02-11,drive_thru,hash_brown,22,18
2026-02-12,counter,breakfast_wrap,25,21
2026-02-12,counter,chicken_tenders,43,29
2026-02-12,counter,fries,52,40
2026-02-12,counter,hash_brown,24,19
2026-02-12,delivery,breakfast_wrap,13,11
2026-02-12,delivery,chicken_tenders,31,22
2026-02-12,delivery,fries,33,22
2026-02-12,delivery,hash_brown,13,11
2026-02-12,drive_thru,breakfast_wrap,15,12
2026-02-12,drive_thru,chicken_tenders,41,29
2026-02-12,drive_thru,fries,39,26
2026-02-12,drive_thru,hash_brown,16,14
2026-02-13,counter,breakfast_wrap,24,19
2026-02-13,counter,chicken_tenders,34,30
2026-02-13,counter,fries,35,26
2026-02-13,counter,hash_brown,15,13
2026-02-13,delivery,breakfast_wrap,15,12
2026-02-13,delivery,chicken_tenders,18,13
2026-02-13,delivery,fries,24,20
2026-02-13,delivery,hash_brown,10,9
2026-02-13,drive_thru,breakfast_wrap,17,13
2026-02-13,drive_thru,chicken_tenders,35,29
2026-02-13,drive_thru,fries,50,34
2026-02-13,drive_thru,hash_brown,14,9
2026-02-14,counter,breakfast_wrap,32,25
2026-02-14,counter,chicken_tenders,54,44
2026-02-14,counter,fries,54,44
2026-02-14,counter,hash_brown,30,21
2026-02-14,delivery,breakfast_wrap,22,16
2026-02-14,delivery,chicken_tenders,27,22
2026-02-14,delivery,fries,26,19
2026-02-14,delivery,hash_brown,19,13
2026-02-14,drive_thru,breakfast_wrap,28,20
2026-02-14,drive_thru,chicken_tenders,41,28
2026-02-14,drive_thru,fries,51,40
2026-02-14,drive_thru,hash_brown,23,19
2026-02-15,counter,breakfast_wrap,27,23
2026-02-15,counter,chicken_tenders,77,55
2026-02-15,counter,fries,59,48
2026-02-15,counter,hash_brown,31,26
2026-02-15,delivery,breakfast_wrap,14,10
2026-02-15,delivery,chicken_tenders,36,28
2026-02-15,delivery,fries,25,23
2026-02-15,delivery,hash_brown,17,14
2026-02-15,drive_thru,breakfast_wrap,16,11
2026-02-15,drive_thru,chicken_tenders,53,44
2026-02-15,drive_thru,fries,54,42
2026-02-15,drive_thru,hash_brown,15,12
2026-02-16,counter,breakfast_wrap,28,24
2026-02-16,counter,chicken_tenders,50,37
2026-02-16,counter,fries,49,33
2026-02-16,counter,hash_brown,27,21
2026-02-16,delivery,breakfast_wrap,22,16
2026-02-16,delivery,chicken_tenders,35,26
2026-02-16,delivery,fries,33,22
2026-02-16,delivery,hash_brown,13,9
2026-02-16,drive_thru,breakfast_wrap,18,16
2026-02-16,drive_thru,chicken_tenders,28,21
2026-02-16,drive_thru,fries,44,29
2026-02-16,drive_thru,hash_brown,14,12
2026-02-17,counter,breakfast_wrap,29,21
2026-02-17,counter,chicken_tenders,46,35
2026-02-17,counter,fries,46,33
2026-02-17,counter,hash_brown,32,22
2026-02-17,delivery,breakfast_wrap,9,8
2026-02-17,delivery,chicken_tenders,27,17
2026-02-17,delivery,fries,25,20
2026-02-17,delivery,hash_brown,10,10
2026-02-17,drive_thru,breakfast_wrap,20,17
2026-02-17,drive_thru,chicken_tenders,40,28
2026-02-17,drive_thru,fries,37,26
2026-02-17,drive_thru,hash_brown,17,14
2026-02-18,counter,breakfast_wrap,20,15
2026-02-18,counter,chicken_tenders,40,32
2026-02-18,counter,fries,37,29
2026-02-18,counter,hash_brown,24,17
2026-02-18,delivery,breakfast_wrap,8,7
2026-02-18,delivery,chicken_tenders,24,20
2026-02-18,delivery,fries,27,20
2026-02-18,delivery,hash_brown,13,10
2026-02-18,drive_thru,breakfast_wrap,16,13
2026-02-18,drive_thru,chicken_tenders,39,32
2026-02-18,drive_thru,fries,34,26
2026-02-18,drive_thru,hash_brown,32,23
2026-02-19,counter,breakfast_wrap,31,23
2026-02-19,counter,chicken_tenders,54,44
2026-02-19,counter,fries,55,44
2026-02-19,counter,hash_brown,25,22
2026-02-19,delivery,breakfast_wrap,11,8
2026-02-19,delivery,chicken_tenders,21,17
2026-02-19,delivery,fries,23,17
2026-02-19,delivery,hash_brown,10,10
2026-02-19,drive_thru,breakfast_wrap,12,9
2026-02-19,drive_thru,chicken_tenders,46,36
2026-02-19,drive_thru,fries,41,33
2026-02-19,drive_thru,hash_brown,13,11
2026-02-20,counter,breakfast_wrap,17,14
2026-02-20,counter,chicken_tenders,44,34
2026-02-20,counter,fries,42,34
2026-02-20,counter,hash_brown,17,13
2026-02-20,delivery,breakfast_wrap,5,3
2026-02-20,delivery,chicken_tenders,25,19
2026-02-20,delivery,fries,31,23
2026-02-20,delivery,hash_brown,8,5
2026-02-20,drive_thru,breakfast_wrap,19,13
2026-02-20,drive_thru,chicken_tenders,32,26
2026-02-20,drive_thru,fries,40,32
2026-02-20,drive_thru,hash_brown,17,13
2026-02-21,counter,breakfast_wrap,26,21
2026-02-21,counter,chicken_tenders,83,60
2026-02-21,counter,fries,59,47
2026-02-21,counter,hash_brown,29,24
2026-02-21,delivery,breakfast_wrap,17,12
2026-02-21,delivery,chicken_tenders,31,22
2026-02-21,delivery,fries,34,29
2026-02-21,delivery,hash_brown,16,11
2026-02-21,drive_thru,breakfast_wrap,23,20
2026-02-21,drive_thru,chicken_tenders,38,33
2026-02-21,drive_thru,fries,53,41
2026-02-21,drive_thru,hash_brown,43,31
2026-02-22,counter,breakfast_wrap,24,15
2026-02-22,counter,chicken_tenders,56,42
2026-02-22,counter,fries,57,42
2026-02-22,counter,hash_brown,28,20
2026-02-22,delivery,breakfast_wrap,9,7
2026-02-22,delivery,chicken_tenders,35,27
2026-02-22,delivery,fries,46,32
2026-02-22,delivery,hash_brown,10,9
2026-02-22,drive_thru,breakfast_wrap,22,20
2026-02-22,drive_thru,chicken_tenders,46,36
2026-02-22,drive_thru,fries,40,35
2026-02-22,drive_thru,hash_brown,24,20
2026-02-23,counter,breakfast_wrap,24,16
2026-02-23,counter,chicken_tenders,45,34
2026-02-23,counter,fries,67,49
2026-02-23,counter,hash_brown,27,19
2026-02-23,delivery,breakfast_wrap,13,11
2026-02-23,delivery,chicken_tenders,23,20
2026-02-23,delivery,fries,37,28
2026-02-23,delivery,hash_brown,7,6
2026-02-23,drive_thru,breakfast_wrap,15,12
2026-02-23,drive_thru,chicken_tenders,36,26
2026-02-23,drive_thru,fries,32,26
2026-02-23,drive_thru,hash_brown,20,15
2026-02-24,counter,breakfast_wrap,25,20
2026-02-24,counter,chicken_tenders,41,30
2026-02-24,counter,fries,26,21
2026-02-24,counter,hash_brown,21,17
2026-02-24,delivery,breakfast_wrap,16,11
2026-02-24,delivery,chicken_tenders,18,16
2026-02-24,delivery,fries,30,22
2026-02-24,delivery,hash_brown,15,7
2026-02-24,drive_thru,breakfast_wrap,15,12
2026-02-24,drive_thru,chicken_tenders,38,24
2026-02-24,drive_thru,fries,40,29
2026-02-24,drive_thru,hash_brown,21,17
2026-02-25,counter,breakfast_wrap,27,21
2026-02-25,counter,chicken_tenders,55,45
2026-02-25,counter,fries,45,37
2026-02-25,counter,hash_brown,29,22
2026-02-25,delivery,breakfast_wrap,11,9
2026-02-25,delivery,chicken_tenders,17,14
2026-02-25,delivery,fries,30,25
2026-02-25,delivery,hash_brown,9,7
2026-02-25,drive_thru,breakfast_wrap,17,14
2026-02-25,drive_thru,chicken_tenders,37,30
2026-02-25,drive_thru,fries,46,34
2026-02-25,drive_thru,hash_brown,23,16
2026-02-26,counter,breakfast_wrap,22,16
2026-02-26,counter,chicken_tenders,33,24
2026-02-26,counter,fries,49,38
2026-02-26,counter,hash_brown,28,20
2026-02-26,delivery,breakfast_wrap,15,11
2026-02-26,delivery,chicken_tenders,23,15
2026-02-26,delivery,fries,21,15
2026-02-26,delivery,hash_brown,18,14
2026-02-26,drive_thru,breakfast_wrap,20,16
2026-02-26,drive_thru,chicken_tenders,38,31
2026-02-26,drive_thru,fries,35,29
2026-02-26,drive_thru,hash_brown,23,20
2026-02-27,counter,breakfast_wrap,26,21
2026-02-27,counter,chicken_tenders,58,48
2026-02-27,counter,fries,49,43
2026-02-27,counter,hash_brown,28,23
2026-02-27,delivery,breakfast_wrap,26,18
2026-02-27,delivery,chicken_tenders,29,22
2026-02-27,delivery,fries,25,24
2026-02-27,delivery,hash_brown,20,16
2026-02-27,drive_thru,breakfast_wrap,21,16
2026-02-27,drive_thru,chicken_tenders,48,36
2026-02-27,drive_thru,fries,40,31
2026-02-27,drive_thru,hash_brown,27,17
2026-02-28,counter,breakfast_wrap,18,15
2026-02-28,counter,chicken_tenders,56,45
2026-02-28,counter,fries,40,32
2026-02-28,counter,hash_brown,26,18
2026-02-28,delivery,breakfast_wrap,12,9
2026-02-28,delivery,chicken_tenders,35,24
2026-02-28,delivery,fries,30,23
2026-02-28,delivery,hash_brown,11,11
2026-02-28,drive_thru,breakfast_wrap,19,17
2026-02-28,drive_thru,chicken_tenders,46,32
2026-02-28,drive_thru,fries,34,27
2026-02-28,drive_thru,hash_brown,26,21
2026-03-01,counter,breakfast_wrap,26,20
2026-03-01,counter,chicken_tenders,67,51
2026-03-01,counter,fries,57,40
2026-03-01,counter,hash_brown,22,16
2026-03-01,delivery,breakfast_wrap,11,9
2026-03-01,delivery,chicken_tenders,25,15
2026-03-01,delivery,fries,23,16
2026-03-01,delivery,hash_brown,19,14
2026-03-01,drive_thru,breakfast_wrap,17,12
2026-03-01,drive_thru,chicken_tenders,57,45
2026-03-01,drive_thru,fries,55,43
2026-03-01,drive_thru,hash_brown,24,17
2026-03-02,counter,breakfast_wrap,20,16
2026-03-02,counter,chicken_tenders,39,27
2026-03-02,counter,fries,29,24
2026-03-02,counter,hash_brown,26,23
2026-03-02,delivery,breakfast_wrap,16,14
2026-03-02,delivery,chicken_tenders,21,16
2026-03-02,delivery,fries,23,17
2026-03-02,delivery,hash_brown,22,18
2026-03-02,drive_thru,breakfast_wrap,23,15
2026-03-02,drive_thru,chicken_tenders,35,28
2026-03-02,drive_thru,fries,44,34
2026-03-02,drive_thru,hash_brown,15,13
2026-03-03,counter,breakfast_wrap,22,20
2026-03-03,counter,chicken_tenders,63,45
2026-03-03,counter,fries,39,30
2026-03-03,counter,hash_brown,28,20
2026-03-03,delivery,breakfast_wrap,9,8
2026-03-03,delivery,chicken_tenders,30,23
2026-03-03,delivery,fries,20,16
2026-03-03,delivery,hash_brown,13,11
2026-03-03,drive_thru,breakfast_wrap,23,20
2026-03-03,drive_thru,chicken_tenders,43,36
2026-03-03,drive_thru,fries,47,39
2026-03-03,drive_thru,hash_brown,17,16
2026-03-04,counter,breakfast_wrap,29,21
2026-03-04,counter,chicken_tenders,47,36
2026-03-04,counter,fries,33,26
2026-03-04,counter,hash_brown,19,16
2026-03-04,delivery,breakfast_wrap,10,8
2026-03-04,delivery,chicken_tenders,19,14
2026-03-04,delivery,fries,28,21
2026-03-04,delivery,hash_brown,12,9
2026-03-04,drive_thru,breakfast_wrap,24,18
2026-03-04,drive_thru,chicken_tenders,45,34
2026-03-04,drive_thru,fries,52,41
2026-03-04,drive_thru,hash_brown,20,14
2026-03-05,counter,breakfast_wrap,20,15
2026-03-05,counter,chicken_tenders,59,46
2026-03-05,counter,fries,54,45
2026-03-05,counter,hash_brown,27,19
2026-03-05,delivery,breakfast_wrap,9,8
2026-03-05,delivery,chicken_tenders,23,20
2026-03-05,delivery,fries,28,21
2026-03-05,delivery,hash_brown,11,8
2026-03-05,drive_thru,breakfast_wrap,14,11
2026-03-05,drive_thru,chicken_tenders,51,35
2026-03-05,drive_thru,fries,33,25
2026-03-05,drive_thru,hash_brown,16,11
2026-03-06,counter,breakfast_wrap,21,13
2026-03-06,counter,chicken_tenders,41,33
2026-03-06,counter,fries,52,39
2026-03-06,counter,hash_brown,18,15
2026-03-06,delivery,breakfast_wrap,11,10
2026-03-06,delivery,chicken_tenders,20,17
2026-03-06,delivery,fries,14,11
2026-03-06,delivery,hash_brown,9,8
2026-03-06,drive_thru,breakfast_wrap,14,14
2026-03-06,drive_thru,chicken_tenders,31,26
2026-03-06,drive_thru,fries,47,33
2026-03-06,drive_thru,hash_brown,17,15
2026-03-07,counter,breakfast_wrap,19,15
2026-03-07,counter,chicken_tenders,51,37
2026-03-07,counter,fries,53,42
2026-03-07,counter,hash_brown,26,21
2026-03-07,delivery,breakfast_wrap,26,21
2026-03-07,delivery,chicken_tenders,23,17
2026-03-07,delivery,fries,27,23
2026-03-07,delivery,hash_brown,18,13
2026-03-07,drive_thru,breakfast_wrap,23,19
2026-03-07,drive_thru,chicken_tenders,69,45
2026-03-07,drive_thru,fries,32,24
2026-03-07,drive_thru,hash_brown,13,12
2026-03-08,counter,breakfast_wrap,26,20
2026-03-08,counter,chicken_tenders,50,43
2026-03-08,counter,fries,81,52
2026-03-08,counter,hash_brown,32,19
2026-03-08,delivery,breakfast_wrap,14,12
2026-03-08,delivery,chicken_tenders,33,25
2026-03-08,delivery,fries,43,33
2026-03-08,delivery,hash_brown,19,13
2026-03-08,drive_thru,breakfast_wrap,20,17
2026-03-08,drive_thru,chicken_tenders,38,30
2026-03-08,drive_thru,fries,35,26
2026-03-08,drive_thru,hash_brown,25,20
2026-03-09,counter,breakfast_wrap,26,18
2026-03-09,counter,chicken_tenders,58,43
2026-03-09,counter,fries,63,47
2026-03-09,counter,hash_brown,16,15
2026-03-09,delivery,breakfast_wrap,12,11
2026-03-09,delivery,chicken_tenders,24,22
2026-03-09,delivery,fries,26,24
2026-03-09,delivery,hash_brown,16,11
2026-03-09,drive_thru,breakfast_wrap,22,18
2026-03-09,drive_thru,chicken_tenders,39,31
2026-03-09,drive_thru,fries,44,37
2026-03-09,drive_thru,hash_brown,17,15
2026-03-10,counter,breakfast_wrap,29,24
2026-03-10,counter,chicken_tenders,46,36
2026-03-10,counter,fries,49,39
2026-03-10,counter,hash_brown,25,20
2026-03-10,delivery,breakfast_wrap,10,9
2026-03-10,delivery,chicken_tenders,24,19
2026-03-10,delivery,fries,32,23
2026-03-10,delivery,hash_brown,13,12
2026-03-10,drive_thru,breakfast_wrap,22,18
2026-03-10,drive_thru,chicken_tenders,28,22
2026-03-10,drive_thru,fries,28,23
2026-03-10,drive_thru,hash_brown,27,20
2026-03-11,counter,breakfast_wrap,14,13
2026-03-11,counter,chicken_tenders,46,33
2026-03-11,counter,fries,52,37
2026-03-11,counter,hash_brown,25,19
2026-03-11,delivery,breakfast_wrap,21,16
2026-03-11,delivery,chicken_tenders,20,17
2026-03-11,delivery,fries,24,20
2026-03-11,delivery,hash_brown,11,8
2026-03-11,drive_thru,breakfast_wrap,8,7
2026-03-11,drive_thru,chicken_tenders,40,31
2026-03-11,drive_thru,fries,33,26
2026-03-11,drive_thru,hash_brown,17,14
2026-03-12,counter,breakfast_wrap,29,23
2026-03-12,counter,chicken_tenders,47,34
2026-03-12,counter,fries,39,29
2026-03-12,counter,hash_brown,23,17
2026-03-12,delivery,breakfast_wrap,14,12
2026-03-12,delivery,chicken_tenders,23,20
2026-03-12,delivery,fries,26,16
2026-03-12,delivery,hash_brown,12,9
2026-03-12,drive_thru,breakfast_wrap,22,17
2026-03-12,drive_thru,chicken_tenders,32,23
2026-03-12,drive_thru,fries,36,25
2026-03-12,drive_thru,hash_brown,8,6
2026-03-13,counter,breakfast_wrap,25,19
2026-03-13,counter,chicken_tenders,41,31
2026-03-13,counter,fries,46,38
2026-03-13,counter,hash_brown,21,16
2026-03-13,delivery,breakfast_wrap,17,12
2026-03-13,delivery,chicken_tenders,19,17
2026-03-13,delivery,fries,34,25
2026-03-13,delivery,hash_brown,10,6
2026-03-13,drive_thru,breakfast_wrap,11,9
2026-03-13,drive_thru,chicken_tenders,39,31
2026-03-13,drive_thru,fries,41,30
2026-03-13,drive_thru,hash_brown,21,17
2026-03-14,counter,breakfast_wrap,47,31
2026-03-14,counter,chicken_tenders,64,45
2026-03-14,counter,fries,55,45
2026-03-14,counter,hash_brown,34,24
2026-03-14,delivery,breakfast_wrap,26,20
2026-03-14,delivery,chicken_tenders,39,28
2026-03-14,delivery,fries,34,26
2026-03-14,delivery,hash_brown,20,15
2026-03-14,drive_thru,breakfast_wrap,22,13
2026-03-14,drive_thru,chicken_tenders,33,26
2026-03-14,drive_thru,fries,39,32
2026-03-14,drive_thru,hash_brown,21,16
2026-03-15,counter,breakfast_wrap,28,25
2026-03-15,counter,chicken_tenders,57,47
2026-03-15,counter,fries,69,55
2026-03-15,counter,hash_brown,25,22
2026-03-15,delivery,breakfast_wrap,21,14
2026-03-15,delivery,chicken_tenders,37,26
2026-03-15,delivery,fries,33,26
2026-03-15,delivery,hash_brown,10,8
2026-03-15,drive_thru,breakfast_wrap,27,20
2026-03-15,drive_thru,chicken_tenders,65,47
2026-03-15,drive_thru,fries,66,48
2026-03-15,drive_thru,hash_brown,23,18
2026-03-16,counter,breakfast_wrap,17,14
2026-03-16,counter,chicken_tenders,50,40
2026-03-16,counter,fries,55,42
2026-03-16,counter,hash_brown,27,21
2026-03-16,delivery,breakfast_wrap,13,11
2026-03-16,delivery,chicken_tenders,29,25
2026-03-16,delivery,fries,23,16
2026-03-16,delivery,hash_brown,15,12
2026-03-16,drive_thru,breakfast_wrap,15,12
2026-03-16,drive_thru,chicken_tenders,34,27
2026-03-16,drive_thru,fries,39,28
2026-03-16,drive_thru,hash_brown,11,11
2026-03-17,counter,breakfast_wrap,17,14
2026-03-17,counter,chicken_tenders,35,30
2026-03-17,counter,fries,42,34
2026-03-17,counter,hash_brown,26,21
2026-03-17,delivery,breakfast_wrap,23,17
2026-03-17,delivery,chicken_tenders,26,21
2026-03-17,delivery,fries,26,21
2026-03-17,delivery,hash_brown,12,10
2026-03-17,drive_thru,breakfast_wrap,21,17
2026-03-17,drive_thru,chicken_tenders,39,29
2026-03-17,drive_thru,fries,35,29
2026-03-17,drive_thru,hash_brown,19,18
2026-03-18,counter,breakfast_wrap,24,17
2026-03-18,counter,chicken_tenders,30,23
2026-03-18,counter,fries,43,34
2026-03-18,counter,hash_brown,22,17
2026-03-18,delivery,breakfast_wrap,6,6
2026-03-18,delivery,chicken_tenders,21,20
2026-03-18,delivery,fries,28,24
2026-03-18,delivery,hash_brown,9,8
2026-03-18,drive_thru,breakfast_wrap,16,12
2026-03-18,drive_thru,chicken_tenders,18,14
2026-03-18,drive_thru,fries,33,26
2026-03-18,drive_thru,hash_brown,13,10
2026-03-19,counter,breakfast_wrap,25,21
2026-03-19,counter,chicken_tenders,49,39
2026-03-19,counter,fries,42,38
2026-03-19,counter,hash_brown,24,20
2026-03-19,delivery,breakfast_wrap,20,14
2026-03-19,delivery,chicken_tenders,23,18
2026-03-19,delivery,fries,26,20
2026-03-19,delivery,hash_brown,18,16
2026-03-19,drive_thru,breakfast_wrap,18,17
2026-03-19,drive_thru,chicken_tenders,26,24
2026-03-19,drive_thru,fries,44,33
2026-03-19,drive_thru,hash_brown,12,12
2026-03-20,counter,breakfast_wrap,27,21
2026-03-20,counter,chicken_tenders,43,34
2026-03-20,counter,fries,66,49
2026-03-20,counter,hash_brown,22,16
2026-03-20,delivery,breakfast_wrap,11,9
2026-03-20,delivery,chicken_tenders,31,23
2026-03-20,delivery,fries,20,18
2026-03-20,delivery,hash_brown,7,7
2026-03-20,drive_thru,breakfast_wrap,11,10
2026-03-20,drive_thru,chicken_tenders,42,33
2026-03-20,drive_thru,fries,50,39
2026-03-20,drive_thru,hash_brown,22,14
2026-03-21,counter,breakfast_wrap,26,20
2026-03-21,counter,chicken_tenders,68,51
2026-03-21,counter,fries,52,41
2026-03-21,counter,hash_brown,19,15
2026-03-21,delivery,breakfast_wrap,7,6
2026-03-21,delivery,chicken_tenders,24,20
2026-03-21,delivery,fries,37,29
2026-03-21,delivery,hash_brown,18,15
2026-03-21,drive_thru,breakfast_wrap,28,20
2026-03-21,drive_thru,chicken_tenders,47,40
2026-03-21,drive_thru,fries,49,35
2026-03-21,drive_thru,hash_brown,17,16
2026-03-22,counter,breakfast_wrap,39,33
2026-03-22,counter,chicken_tenders,50,38
2026-03-22,counter,fries,65,47
2026-03-22,counter,hash_brown,25,20
2026-03-22,delivery,breakfast_wrap,13,11
2026-03-22,delivery,chicken_tenders,19,18
2026-03-22,delivery,fries,32,25
2026-03-22,delivery,hash_brown,9,7
2026-03-22,drive_thru,breakfast_wrap,13,11
2026-03-22,drive_thru,chicken_tenders,45,39
2026-03-22,drive_thru,fries,48,36
2026-03-22,drive_thru,hash_brown,21,13
2026-03-23,counter,breakfast_wrap,20,14
2026-03-23,counter,chicken_tenders,49,36
2026-03-23,counter,fries,53,39
2026-03-23,counter,hash_brown,16,12
2026-03-23,delivery,breakfast_wrap,13,11
2026-03-23,delivery,chicken_tenders,20,16
2026-03-23,delivery,fries,32,21
2026-03-23,delivery,hash_brown,10,9
2026-03-23,drive_thru,breakfast_wrap,15,10
2026-03-23,drive_thru,chicken_tenders,43,35
2026-03-23,drive_thru,fries,46,34
2026-03-23,drive_thru,hash_brown,29,21
2026-03-24,counter,breakfast_wrap,17,15
2026-03-24,counter,chicken_tenders,50,37
2026-03-24,counter,fries,31,26
2026-03-24,counter,hash_brown,26,20
2026-03-24,delivery,breakfast_wrap,17,11
2026-03-24,delivery,chicken_tenders,15,13
2026-03-24,delivery,fries,25,21
2026-03-24,delivery,hash_brown,10,8
2026-03-24,drive_thru,breakfast_wrap,17,14
2026-03-24,drive_thru,chicken_tenders,35,25
2026-03-24,drive_thru,fries,44,34
2026-03-24,drive_thru,hash_brown,17,14
2026-03-25,counter,breakfast_wrap,23,18
2026-03-25,counter,chicken_tenders,52,40
2026-03-25,counter,fries,45,37
2026-03-25,counter,hash_brown,19,17
2026-03-25,delivery,breakfast_wrap,17,11
2026-03-25,delivery,chicken_tenders,17,15
2026-03-25,delivery,fries,32,23
2026-03-25,delivery,hash_brown,13,8
2026-03-25,drive_thru,breakfast_wrap,16,11
2026-03-25,drive_thru,chicken_tenders,28,24
2026-03-25,drive_thru,fries,39,26
2026-03-25,drive_thru,hash_brown,19,16
2026-03-26,counter,breakfast_wrap,14,12
2026-03-26,counter,chicken_tenders,39,31
2026-03-26,counter,fries,62,44
2026-03-26,counter,hash_brown,24,18
2026-03-26,delivery,breakfast_wrap,7,5
2026-03-26,delivery,chicken_tenders,26,22
2026-03-26,delivery,fries,28,20
2026-03-26,delivery,hash_brown,11,9
2026-03-26,drive_thru,breakfast_wrap,20,16
2026-03-26,drive_thru,chicken_tenders,18,15
2026-03-26,drive_thru,fries,41,27
2026-03-26,drive_thru,hash_brown,26,18
2026-03-27,counter,breakfast_wrap,22,19
2026-03-27,counter,chicken_tenders,37,33
2026-03-27,counter,fries,51,39
2026-03-27,counter,hash_brown,27,19
2026-03-27,delivery,breakfast_wrap,12,7
2026-03-27,delivery,chicken_tenders,28,18
2026-03-27,delivery,fries,27,20
2026-03-27,delivery,hash_brown,10,10
2026-03-27,drive_thru,breakfast_wrap,14,11
2026-03-27,drive_thru,chicken_tenders,46,34
2026-03-27,drive_thru,fries,54,42
2026-03-27,drive_thru,hash_brown,17,14
2026-03-28,counter,breakfast_wrap,30,22
2026-03-28,counter,chicken_tenders,36,30
2026-03-28,counter,fries,64,45
2026-03-28,counter,hash_brown,19,16
2026-03-28,delivery,breakfast_wrap,20,13
2026-03-28,delivery,chicken_tenders,46,27
2026-03-28,delivery,fries,26,18
2026-03-28,delivery,hash_brown,12,10
2026-03-28,drive_thru,breakfast_wrap,25,22
2026-03-28,drive_thru,chicken_tenders,49,36
2026-03-28,drive_thru,fries,48,39
2026-03-28,drive_thru,hash_brown,19,17
2026-03-29,counter,breakfast_wrap,36,28
2026-03-29,counter,chicken_tenders,63,44
2026-03-29,counter,fries,52,42
2026-03-29,counter,hash_brown,24,21
2026-03-29,delivery,breakfast_wrap,14,10
2026-03-29,delivery,chicken_tenders,42,33
2026-03-29,delivery,fries,47,37
2026-03-29,delivery,hash_brown,16,12
2026-03-29,drive_thru,breakfast_wrap,16,12
2026-03-29,drive_thru,chicken_tenders,47,36
2026-03-29,drive_thru,fries,44,35
2026-03-29,drive_thru,hash_brown,15,11
2026-03-30,counter,breakfast_wrap,24,20
2026-03-30,counter,chicken_tenders,56,47
2026-03-30,counter,fries,49,38
2026-03-30,counter,hash_brown,37,28
2026-03-30,delivery,breakfast_wrap,10,8
2026-03-30,delivery,chicken_tenders,26,22
2026-03-30,delivery,fries,27,22
2026-03-30,delivery,hash_brown,11,10
2026-03-30,drive_thru,breakfast_wrap,16,13
2026-03-30,drive_thru,chicken_tenders,57,44
2026-03-30,drive_thru,fries,52,43
2026-03-30,drive_thru,hash_brown,25,19
2026-03-31,counter,breakfast_wrap,17,13
2026-03-31,counter,chicken_tenders,36,27
2026-03-31,counter,fries,41,30
2026-03-31,counter,hash_brown,44,29
2026-03-31,delivery,breakfast_wrap,12,11
2026-03-31,delivery,chicken_tenders,20,15
2026-03-31,delivery,fries,18,17
2026-03-31,delivery,hash_brown,17,12
2026-03-31,drive_thru,breakfast_wrap,19,15
2026-03-31,drive_thru,chicken_tenders,55,38
2026-03-31,drive_thru,fries,52,36
2026-03-31,drive_thru,hash_brown,19,13
